gene_name,value
JL701 pRS316,0.5113450292397661
SC022 pRS316,0.8951507208387942
SC023 pRS316,0.8771535580524344
SC024 pRS316,0.9382171226831421
SC025 pRS316,0.8726591760299625
SC026 pRS316,0.9309984317825405
SC027 pRS316,1.0440705128205128
SC028 pRS316,0.759493670886076
SC029 pRS316,0.8271531100478469
SC030 pRS316,0.992119779353822
SC031 pRS316,1.009478672985782
